{"cameraMode":{"drawMode":0,"name":"Shaded","section":"Shading Mode"},"sceneLighting":true,"audioPlay":false,"sceneViewState":{"showFog":true,"showMaterialUpdate":false,"showSkybox":true,"showFlares":true,"showImageEffects":true,"showParticleSystems":true,"showVisualEffectGraphs":true,"m_FxEnabled":true},"in2DMode":false,"pivot":{"x":-10.028803825378418,"y":0.3945123553276062,"z":-0.5089911818504334},"rotation":{"x":0.056061096489429477,"y":0.594937801361084,"z":-0.04165266826748848,"w":0.8007338643074036},"size":0.04870486259460449,"orthographic":false}